Date,Name,Team,Opp,score1,score2,MP,FG,FGA,FG%,3P,3PA,3P%,FT,FTA,FT%,ORB,DRB,TRB,AST,STL,BLK,TOV,PF,PTS,+-,Fantasy,Estimated_MP_3,Estimated_score1,mean_FG,mean_FGA,mean_FT,mean_FTA,mean_ORB,mean_DRB,mean_AST,mean_STL,mean_BLK,mean_TOV,mean_PF,mean_PTS,mean_+-,Opp_Fantasy_Granted,prediction
20200114,Kelly Oubre,Pho,Atl,110,123,37.47,4,16,0.25,0,5,0.0,3,6,0.5,0,3,3,1,0,1,0,6,11,-16,3.35,36.93,100.33333333333333,7.5806716479185505,14.85811642992036,2.8301174152229254,3.6387223910009046,1.3139830856392154,6.670991050168324,2.021512439444947,1.9204368174726996,0.5053781098612368,1.3139830856392154,3.1333442811396677,20.720502504310705,0.606453731833484,163.8,23.707209827367414
20200114,Devin Booker,Pho,Atl,110,123,34.07,12,23,0.522,2,4,0.5,13,13,1.0,2,5,7,3,2,0,3,4,39,-1,41.85,37.74666666666667,100.33333333333333,9.952646016992038,19.70422847808524,7.942010458003747,8.545201125700235,0.30159533384824355,3.0159533384824355,6.836160900560187,1.1058495574435596,0.10053177794941452,3.9207393400271657,3.11648511643185,29.15421560533021,1.4074448912918032,163.8,31.285118697383112
20200114,Elie Okobo,Pho,Atl,110,123,21.58,0,4,0.0,0,1,0.0,0,0,0.0,1,2,3,3,0,0,0,1,0,-16,0.5999999999999996,13.049999999999999,100.33333333333333,1.727047146401985,3.5620347394540937,1.1873449131513647,1.6191066997518608,0.21588089330024812,1.4032258064516128,1.942928039702233,0.43176178660049624,0.10794044665012406,0.43176178660049624,0.8635235732009925,5.289081885856079,0.43176178660049624,163.8,8.931962025525369
20200114,Dario Šarić,Pho,Atl,110,123,18.42,1,4,0.25,0,1,0.0,2,2,1.0,0,1,1,2,1,0,0,0,4,-8,6.05,20.096666666666664,100.33333333333333,2.518221498235282,6.295553745588204,0.6295553745588205,1.0072885992941127,1.259110749117641,3.147776872794102,1.259110749117641,0.2518221498235282,0.1259110749117641,1.510932898941169,1.385021824029405,6.421464820499968,-7.051020195058789,163.8,10.656330440449272
20200114,Aron Baynes,Pho,Atl,110,123,14.32,1,4,0.25,0,2,0.0,2,2,1.0,2,3,5,2,0,1,1,3,4,-16,6.1,20.50666666666667,100.33333333333333,3.4229393529926084,7.334870042127019,0.896484116259969,1.3039768963781366,1.7114696764963042,4.400922025276211,0.9779826722836024,0.16299711204726708,0.2444956680709006,0.9779826722836024,2.77095090480354,8.394351270434255,0.4889913361418012,163.8,12.462504330397687
20200114,Deandre Ayton,Pho,Atl,110,123,32.48,10,14,0.7140000000000001,0,0,0.0,0,0,0.0,2,8,10,1,0,2,4,2,20,3,27.45,31.163333333333338,100.33333333333333,7.5248507612851325,14.213606993538583,1.254141793547522,1.776700874192323,3.7624253806425663,8.151921658058892,1.8812126903212831,0.5225590806448008,1.5676772419344025,1.776700874192323,3.239866299997765,16.303843316117785,3.030842667739845,163.8,25.72088288671828
20200114,Mikal Bridges,Pho,Atl,110,123,32.32,6,8,0.75,0,2,0.0,3,4,0.75,1,2,3,4,4,1,0,2,15,2,29.3,24.426666666666666,100.33333333333333,2.9168491024161125,5.153100080935133,0.9722830341387043,1.0695113375525747,0.5833698204832225,2.819620799002242,1.0695113375525747,1.361196247794186,0.48614151706935216,0.8750547307248339,2.2362509785190197,7.389351059454153,4.958643474107392,163.8,11.970643142198144
20200114,Cameron Johnson,Pho,Atl,110,123,25.15,3,4,0.75,2,3,0.667,1,1,1.0,1,5,6,3,1,1,1,1,9,-7,17.95,9.596666666666666,100.33333333333333,0.79407209386205,2.443298750344769,0.3054123437930961,0.6108246875861922,0.42757728131033457,1.099484437655146,0.42757728131033457,0.0,0.18324740627585767,0.2443298750344769,0.6719071563448115,2.443298750344769,-1.649226656482719,163.8,5.550788632685144
20200114,Tyler Johnson,Pho,Atl,110,123,14.37,1,7,0.14300000000000002,0,2,0.0,2,4,0.5,1,0,1,0,1,0,1,0,4,-5,1.5,10.066666666666665,100.33333333333333,1.537447968137034,4.069715209774502,0.18087623154553345,0.18087623154553345,0.3617524630910669,1.0852573892732007,0.5426286946366004,0.2713143473183002,0.09043811577276673,0.2713143473183002,0.9948192735004339,3.4366483993651356,-4.341029557092803,163.8,6.34602632124539
20200114,Jevon Carter,Pho,Atl,110,123,6.22,2,3,0.667,0,0,0.0,0,0,0.0,0,1,1,1,0,0,1,0,4,-1,4.35,5.62,100.33333333333333,0.3762028282152121,1.4107606058070457,0.09405070705380303,0.18810141410760606,0.3762028282152121,0.6113295958497198,0.6113295958497198,0.3762028282152121,0.09405070705380303,0.18810141410760606,0.6113295958497198,0.9405070705380304,-1.8339887875491594,163.8,4.741807428960646
20200114,Ty Jerome,Pho,Atl,110,123,0.4,0,0,0.0,0,0,0.0,0,0,0.0,0,0,0,0,0,0,0,0,0,0,0.0,12.590000000000002,100.33333333333333,1.5223700120918986,4.66225816203144,0.38059250302297465,0.47574062877871837,0.285444377267231,1.3320737605804114,2.0932587666263607,1.0466293833131803,0.0,0.856333131801693,1.2369256348246678,3.9962212817412346,-6.470072551390571,163.8,8.325683428089738
20200114,Cheick Diallo,Pho,Atl,110,123,0.4,0,0,0.0,0,0,0.0,0,0,0.0,0,0,0,0,0,0,0,0,0,0,0.0,7.966666666666666,100.33333333333333,1.3473897846431389,2.6947795692862777,0.8982598564287593,1.0779118277145112,0.44912992821437964,1.8863456985003946,0.44912992821437964,0.2694779569286278,0.0,0.5389559138572556,0.8982598564287593,3.682865411357913,-1.4372157702860149,163.8,7.132287381326947
20200114,Kevin Huerter,Atl,Pho,123,110,38.1,8,14,0.5710000000000001,4,5,0.8,3,4,0.75,3,12,15,8,1,0,2,2,23,21,42.15,29.363333333333333,100.66666666666667,5.2111277165452385,11.427911659090434,1.2799261058181288,1.3713493990908523,0.4571164663636174,3.839778317454386,3.1998152645453217,0.9142329327272348,0.36569317309089394,1.8284658654544697,2.10273574527264,14.262033750544862,-5.485397596363409,143.975,15.975601550005207
20200114,Trae Young,Atl,Pho,123,110,37.47,11,25,0.44,5,12,0.417,9,11,0.818,2,2,4,10,2,1,6,2,36,22,45.3,36.27666666666667,100.66666666666667,10.002288308058784,22.65824494274541,8.777518311153628,10.614673306511364,0.6123849984525785,4.797015821211866,8.369261645518575,1.020641664087631,0.1020641664087631,4.59288748839434,1.9392191617664989,32.66053325080419,-4.59288748839434,143.975,34.485197882651555
20200114,John Collins,Atl,Pho,123,110,29.15,10,16,0.625,2,5,0.4,0,0,0.0,2,8,10,0,0,3,1,5,22,4,30.35,29.366666666666664,100.66666666666667,6.510581121934833,14.007613929011308,2.0715485387974466,2.564774381368268,2.1701937073116113,7.59567797559064,1.5783226962266264,0.690516179599149,2.268838875825775,1.7756130332549547,2.86070988691076,16.27645280483708,-8.483484492218118,143.975,23.58660212555852
20200114,De'Andre Hunter,Atl,Pho,123,110,24.12,6,12,0.5,1,3,0.333,2,2,1.0,2,1,3,0,0,0,0,5,15,8,13.45,24.296666666666667,100.66666666666667,3.1533636166991137,7.800425788676755,0.5808827714972051,0.8298325307102931,0.1659665061420586,1.9915980737047032,1.078782289923381,0.4978995184261758,0.0829832530710293,1.5766818083495568,1.8256315675626449,8.049375547889841,-8.215342054031902,143.975,8.709800057549545
20200114,Cam Reddish,Atl,Pho,123,110,23.03,1,5,0.2,0,1,0.0,2,2,1.0,0,0,0,2,0,0,1,5,4,18,3.4499999999999997,27.44333333333333,100.66666666666667,2.7735624141594752,8.854064629816786,1.3867812070797376,1.600132162015082,0.5333773873383607,2.8802378916271474,2.0268340718857707,1.4934566845474098,0.7467283422737049,1.2801057296120655,1.9201585944180983,7.893985332607738,-6.507204125528,143.975,12.934558294778983
20200114,Damian Jones,Atl,Pho,123,110,26.53,5,7,0.7140000000000001,0,0,0.0,1,1,1.0,2,4,6,2,0,1,2,3,11,14,18.1,9.35,100.66666666666667,0.764721919302072,1.4444747364594692,0.8496910214467467,0.8496910214467467,0.8496910214467467,1.529443838604144,0.254907306434024,0.16993820428934933,0.509814612868048,0.08496910214467467,1.3595056343147947,2.3791348600508906,-5.183115230825155,143.975,5.152723694669451
20200114,DeAndre' Bembry,Atl,Pho,123,110,22.13,2,4,0.5,1,1,1.0,0,0,0.0,0,1,1,1,0,2,1,1,5,-10,7.0,15.969999999999999,100.66666666666667,2.0477939033630586,4.654077053097861,0.18616308212391441,0.37232616424782883,0.18616308212391441,2.420120067610888,1.1169784927434867,1.210060033805444,0.18616308212391441,1.3962231159293583,1.9547123623011016,4.654077053097861,-4.0025062656641595,143.975,7.958954786209217
20200114,Allen Crabbe,Atl,Pho,123,110,16.48,1,3,0.333,0,1,0.0,0,0,0.0,1,3,4,1,0,1,0,1,2,4,7.35,18.566666666666666,100.66666666666667,1.9591980302497363,5.551061085707587,0.2176886700277485,0.32653300504162275,0.10884433501387425,2.0680423652636106,1.1972876851526166,0.6530660100832455,0.0,0.5442216750693711,1.8503536952358621,5.551061085707587,-6.312971430804706,143.975,6.56993233282344
20200114,Brandon Goodwin,Atl,Pho,123,110,12.45,2,5,0.4,1,2,0.5,0,0,0.0,0,2,2,1,0,1,2,1,5,-11,4.35,20.973333333333333,100.66666666666667,4.033610367012386,9.651853378208209,1.1524601048606817,1.1524601048606817,0.4321725393227557,2.593035235936534,2.593035235936534,1.1524601048606817,0.28811502621517043,1.296517617968267,2.593035235936534,10.80431348306889,-6.33853057673375,143.975,12.624753107280045
20200114,Vince Carter,Atl,Pho,123,110,8.54,0,2,0.0,0,1,0.0,0,0,0.0,0,1,1,0,0,1,0,0,0,-5,1.0,10.89,100.66666666666667,0.4777712781515063,2.786999122550453,0.3185141854343375,0.3185141854343375,0.15925709271716876,1.4333138344545189,0.7166569172272594,0.3185141854343375,0.39814273179292187,0.39814273179292187,1.1944281953787657,1.5925709271716875,-1.5925709271716875,143.975,5.02503644821252
20200114,Rudy Gobert,Uta,Bkn,118,107,36.33,9,12,0.75,0,0,0.0,4,6,0.667,4,14,18,3,1,2,0,3,22,11,43.15,30.793333333333333,121.33333333333333,5.4803784890101745,8.129228092031758,2.2834910370875723,4.0189442252741285,3.3795667348896075,10.504058770602834,1.5527739052195495,0.6393774903845203,1.918132471153561,1.3700946222525436,2.83152888598859,13.244248015107921,11.234775902470856,149.8,24.914397559101786
20200114,Donovan Mitchell,Uta,Bkn,118,107,36.21,8,19,0.421,3,7,0.429,6,6,1.0,0,0,0,4,1,0,3,3,25,20,24.75,27.25,121.33333333333333,6.462385926993275,13.660993035542749,2.535872958693564,3.026687079731028,0.24540706051873198,2.617675312199808,5.235350624399616,0.81802353506244,0.163604707012488,1.9632564841498559,2.126861191162344,17.096691882804993,7.689421229586935,149.8,20.08214887001757
20200114,Bojan Bogdanović,Uta,Bkn,118,107,32.25,8,16,0.5,2,7,0.28600000000000003,0,0,0.0,0,2,2,0,1,0,2,1,18,5,16.25,29.113333333333333,121.33333333333333,5.959459175746887,14.027650059834981,4.859251327916693,5.225987277193425,0.6417879112342801,2.750519619575486,1.7419957590644748,0.4584199365959144,0.09168398731918288,2.292099682979572,1.558627784426109,18.70353341311331,10.727026516344397,149.8,19.64394018970642
20200114,Royce O'Neale,Uta,Bkn,118,107,31.58,0,5,0.0,0,3,0.0,0,0,0.0,0,6,6,4,0,1,1,3,0,5,6.5,27.266666666666666,121.33333333333333,2.113125322910349,3.950625603701957,0.36750005615832154,0.36750005615832154,0.36750005615832154,4.77750073005818,1.8375002807916077,0.5512500842374823,0.27562504211874117,0.6431250982770627,2.38875036502909,5.971875912572726,10.106251544353844,149.8,10.456040577792658
20200114,Joe Ingles,Uta,Bkn,118,107,29.57,10,14,0.7140000000000001,6,8,0.75,1,1,1.0,0,3,3,5,1,0,1,0,27,9,34.85,26.820000000000004,121.33333333333333,4.837257238558409,9.760894070662506,1.0365551225482306,1.2093143096396022,0.17275918709137175,2.850526587007634,4.923636832104095,0.691036748365487,0.17275918709137175,1.0365551225482306,1.1229347160939165,13.907114560855428,10.970208380302106,149.8,16.558232040809166
20200114,Jordan Clarkson,Uta,Bkn,118,107,25.44,6,13,0.462,1,5,0.2,0,0,0.0,1,2,3,1,0,0,1,3,13,-5,10.0,27.713333333333335,121.33333333333333,6.982041343669251,14.178914728682171,1.6112403100775194,2.470568475452197,0.7519121447028424,1.6112403100775194,1.3964082687338502,0.6444961240310078,0.5370801033591731,0.9667441860465117,1.826072351421189,18.260723514211886,4.7263049095607235,149.8,16.791154236662877
20200114,Georges Niang,Uta,Bkn,118,107,16.02,1,5,0.2,0,3,0.0,0,0,0.0,1,1,2,0,0,0,0,0,2,6,2.65,18.77333333333333,121.33333333333333,3.384760678257136,7.253058596265292,0.2417686198755097,0.2417686198755097,0.3626529298132645,2.538570508692852,0.846190169564284,0.3626529298132645,0.12088430993775486,0.12088430993775486,1.2088430993775485,9.791629104958142,-0.12088430993775486,149.8,9.409311029304193
20200114,Emmanuel Mudiay,Uta,Bkn,118,107,15.34,3,6,0.5,1,3,0.333,0,0,0.0,0,1,1,2,1,0,0,0,7,4,10.85,27.74,121.33333333333333,5.778886681846809,10.617024368974372,1.0751417082505692,1.6127125623758538,0.6719635676566058,3.359817838283029,4.166174119470956,0.6719635676566058,0.13439271353132115,1.747105275907175,1.3439271353132116,13.439271353132115,-2.419068843563781,149.8,17.114593307446135
20200114,Tony Bradley,Uta,Bkn,118,107,11.27,1,2,0.5,0,0,0.0,2,2,1.0,1,5,6,0,3,0,0,2,4,0,13.25,12.896666666666667,121.33333333333333,2.4821739528915767,3.664161549506614,0.5909937983075184,1.1819875966150368,2.2457764335685697,2.9549689915375916,0.4727950386460147,0.23639751932300734,0.5909937983075184,0.9455900772920294,3.0731677511990956,5.555341704090672,0.11819875966150367,149.8,9.118074597136442
20200114,Spencer Dinwiddie,Bkn,Uta,107,118,36.25,7,17,0.412,2,5,0.4,1,5,0.2,3,1,4,5,0,0,4,2,17,-13,12.8,31.80333333333333,109.33333333333333,7.370998296134022,18.679927188832796,6.058354763945771,8.683641828322273,0.7068080557936733,3.735985437766559,7.16905313733583,0.504862896995481,0.2019451587981924,3.433067699569271,2.8272322231746934,22.415912626599354,-1.7165338497846354,127.525,25.452204036435667
20200114,Joe Harris,Bkn,Uta,107,118,33.35,5,10,0.5,1,5,0.2,2,2,1.0,1,0,1,1,1,0,0,3,13,-8,11.8,31.30666666666666,109.33333333333333,4.498909476344807,11.199412951751968,1.627265129741739,2.297315477282455,0.957214782201023,3.828859128804092,2.4887584337226594,0.7657718257608183,0.2871644346603069,1.3401006950814323,1.914429564402046,12.5395136468334,0.8614933039809206,127.525,14.584275964201153
20200114,Kyrie Irving,Bkn,Uta,107,118,32.13,12,19,0.632,3,5,0.6,5,6,0.833,2,3,5,11,2,1,1,0,32,0,48.5,30.100000000000005,109.33333333333333,9.11864830257035,19.835410225178805,3.9482807083294302,4.23030075892439,0.6580467847215716,4.324307442456043,6.580467847215717,0.940066835316531,0.4700334176582655,2.256160404759674,2.256160404759674,24.347731034698153,-0.4700334176582655,127.525,26.591949766013457
20200114,Taurean Prince,Bkn,Uta,107,118,29.55,3,9,0.333,0,4,0.0,0,0,0.0,0,5,5,1,0,0,1,0,6,-14,4.9,29.87,109.33333333333333,4.578635419150458,12.616684266103483,0.5087372687944953,0.5087372687944953,1.0174745375889906,6.308342133051742,1.933201621419082,0.8139796300711925,0.5087372687944953,1.933201621419082,2.0349490751779813,12.311441904826786,-1.831454167660183,127.525,15.845304393416798
20200114,Jarrett Allen,Bkn,Uta,107,118,24.32,4,8,0.5,0,0,0.0,0,0,0.0,0,2,2,1,0,1,0,1,8,-13,8.05,28.016666666666666,109.33333333333333,3.362043381204919,5.531103627143576,2.6028722951263887,3.9043084426895835,2.3859662705325233,6.073368688628241,0.9760771106723959,0.9760771106723959,1.1929831352662617,1.1929831352662617,2.494419282829456,9.326959057536227,-3.6874024180957177,127.525,15.440322024565669
20200114,Caris LeVert,Bkn,Uta,107,118,26.27,5,13,0.385,1,4,0.25,0,0,0.0,0,2,2,3,0,1,2,2,11,5,11.75,22.626666666666665,109.33333333333333,4.682142543612124,12.258700477820835,1.9579868818741608,2.979545255025897,1.1918181020103589,2.6390257973086517,2.724155661737963,0.3405194577172454,0.08512986442931135,2.468766068450029,1.2769479664396703,12.684349799967391,-3.320064712743142,127.525,14.579363416760513
20200114,DeAndre Jordan,Bkn,Uta,107,118,23.28,4,5,0.8,0,0,0.0,1,2,0.5,3,11,14,0,0,1,3,2,9,2,18.3,21.25,109.33333333333333,3.172677646619699,5.155601175757011,1.685484999766715,2.3795082349647743,1.8837773526804462,8.427424998833574,1.7846311762235807,0.2974385293705968,0.9914617645686559,1.5863388233098494,1.7846311762235807,8.030840293006113,-1.1897541174823871,127.525,16.155564460859793
20200114,Timothé Luwawu-Cabarrot,Bkn,Uta,107,118,17.32,1,3,0.333,0,2,0.0,0,0,0.0,0,5,5,0,1,0,0,2,2,-14,3.65,14.113333333333335,109.33333333333333,1.4241506895391862,3.2980331757749575,0.6745976950448777,0.9744188928426012,0.5996423955954467,1.3491953900897553,0.8245082939437394,0.44973179669658514,0.07495529944943084,0.8245082939437394,1.7239718873369096,4.34740736806699,-3.9726308708198355,127.525,4.841358600955607
20200114,Rodions Kurucs,Bkn,Uta,107,118,15.53,4,6,0.667,1,1,1.0,0,0,0.0,2,3,5,0,0,0,1,1,9,0,11.0,21.883333333333336,109.33333333333333,3.3399863027101073,6.037667547206732,0.8992270814988751,1.2846101164269643,0.6423050582134822,2.5692202328539286,2.3122982095685356,0.5138440465707858,0.12846101164269644,1.0276880931415715,3.2115252910674106,8.863809803346054,0.12846101164269644,127.525,8.918473315297701
20200114,James Harden,Hou,Mem,110,121,39.08,13,37,0.35100000000000003,5,19,0.263,10,11,0.909,3,3,6,6,0,1,1,3,41,3,39.95,31.063333333333333,117.66666666666667,9.17910688071222,19.064298906094614,7.413894019036794,9.443888809963536,0.7060851446701709,5.20737794194251,6.796069517450395,1.235649003172799,1.1473883600890276,4.148250224937254,2.471298006345598,30.53818250698489,2.294776720178055,149.475,33.13441533073113
20200114,P.J. Tucker,Hou,Mem,110,121,38.21,0,1,0.0,0,0,0.0,0,0,0.0,1,6,7,3,1,0,3,5,0,-4,4.65,22.406666666666666,117.66666666666667,1.2669870888700405,3.0970795505712103,0.1407763432077823,0.1407763432077823,1.1262107456622583,3.871349438214013,0.985434402454476,0.35194085801945574,0.21116451481167345,0.6334935444350203,1.6893161184933876,3.0266913789673193,-0.1407763432077823,149.475,8.025558254252331
20200114,Ben McLemore,Hou,Mem,110,121,38.16,5,12,0.417,4,10,0.4,0,0,0.0,0,3,3,0,2,0,2,1,14,-6,13.85,26.709999999999997,117.66666666666667,3.2842855971800966,7.991761619804901,0.6568571194360193,0.6568571194360193,0.6568571194360193,2.4084761045987375,0.985285679154029,0.5473809328633493,0.2189523731453398,0.985285679154029,2.6274284777440773,9.63390441839495,6.130666448069514,149.475,10.186256732595696
20200114,Clint Capela,Hou,Mem,110,121,33.08,6,7,0.857,0,0,0.0,4,4,1.0,3,13,16,2,0,0,4,5,16,7,25.8,33.75666666666667,117.66666666666667,6.680462341536168,10.746830723340791,1.93636589609744,2.710912254536416,3.775913497390008,9.778647775292072,1.549092716877952,1.355456127268208,1.549092716877952,1.258637832463336,2.226820780512056,15.297290579169776,2.9045488441461598,149.475,25.980766472043804
20200114,Austin Rivers,Hou,Mem,110,121,26.32,3,7,0.429,1,3,0.333,3,4,0.75,0,2,2,5,0,0,2,4,10,-18,7.800000000000002,26.2,117.66666666666667,3.1617055510860816,8.036001609010457,1.712590506838294,2.3712791633145613,0.1317377312952534,1.712590506838294,1.8443282381335477,1.3173773129525341,0.0,0.7904263877715204,2.239541432019308,9.089903459372485,8.036001609010457,149.475,11.509450801838616
20200114,Eric Gordon,Hou,Mem,110,121,31.41,9,19,0.474,4,12,0.333,1,1,1.0,1,3,4,1,1,1,1,3,23,-6,23.1,28.580000000000002,117.66666666666667,4.277642656688494,12.512104770813846,2.138821328344247,3.5290551917680077,0.32082319925163705,1.8179981290926102,1.3902338634237605,0.4277642656688494,0.32082319925163705,1.9249391955098225,2.0318802619270344,13.581515434985969,3.2082319925163705,149.475,13.642944304904388
20200114,Danuel House,Hou,Mem,110,121,26.28,1,3,0.333,0,1,0.0,2,2,1.0,1,2,3,0,0,0,2,2,4,-23,-0.4499999999999997,31.939999999999998,117.66666666666667,3.753115433377655,8.691425214137727,0.3950647824608058,0.7901295649216116,0.888895760536813,2.7654534772256403,0.888895760536813,0.5925971736912086,0.4938309780760072,0.7901295649216116,2.3703886947648343,9.876619561520144,2.2716224991496334,149.475,11.300693308585286
20200114,Isaiah Hartenstein,Hou,Mem,110,121,3.59,0,0,0.0,0,0,0.0,2,2,1.0,0,0,0,1,0,0,0,0,2,-8,1.8,14.12,117.66666666666667,2.843728365535905,4.354459059726855,0.7109320913839763,1.3329976713449554,1.7773302284599404,3.8212599911888723,1.1552646484989615,0.6220655799609792,0.7997986028069732,0.7997986028069732,2.221662785574926,6.398388822455786,5.331990685379822,149.475,12.117176512174355
20200114,Tyson Chandler,Hou,Mem,110,121,2.27,0,0,0.0,0,0,0.0,0,0,0.0,0,0,0,0,0,0,0,0,0,0,0.0,10.979999999999999,117.66666666666667,0.4279589450435234,0.4279589450435234,0.4279589450435234,1.1412238534493957,1.1412238534493957,1.8544887618552681,0.0,0.2853059633623489,0.14265298168117446,0.4279589450435234,1.7118357801740935,1.2838768351305703,-0.8559178900870468,149.475,4.349539884741301
20200114,Ja Morant,Mem,Hou,121,110,36.53,10,11,0.909,3,4,0.75,3,3,1.0,0,5,5,8,1,1,2,1,26,16,41.65,31.323333333333334,125.0,6.9331947146019175,12.920953786303572,2.94135533346748,3.571645762067654,0.5252420238334786,3.67669416683435,7.983678762268874,0.6302904286001744,0.10504840476669572,3.67669416683435,1.47067766673374,17.543083596038183,3.7817425716010455,146.575,23.941600535699514
20200114,Dillon Brooks,Mem,Hou,121,110,31.08,8,17,0.471,6,10,0.6,2,2,1.0,1,3,4,3,1,2,0,3,24,13,32.2,29.16,125.0,6.3617191476983495,15.1620973020144,1.6964584393862265,2.0145443967711443,0.9542578721547524,1.5904297869245874,2.0145443967711443,0.7422005672314741,0.21205730492327832,2.120573049232783,4.665260708312124,17.176641698785545,1.166315177078031,146.575,14.773530031579318
20200114,Jaren Jackson,Mem,Hou,121,110,30.13,6,16,0.375,2,7,0.28600000000000003,1,1,1.0,0,2,2,1,3,2,1,6,15,14,20.85,27.423333333333332,125.0,6.789997880906971,12.570671752489933,1.6516211061665604,2.4774316592498407,1.4681076499258316,3.8537825810553086,1.4681076499258316,0.5505403687221869,1.6516211061665604,1.1010807374443738,3.5785123966942147,18.259588895952533,2.9362152998516633,146.575,18.776602588943334
20200114,Jonas Valančiūnas,Mem,Hou,121,110,27.55,8,14,0.5710000000000001,0,2,0.0,3,4,0.75,2,4,6,2,0,1,1,2,19,-14,20.65,26.939999999999998,125.0,7.770648996297018,11.655973494445526,2.625219255505749,3.0452543363866686,2.835236795946209,7.770648996297018,2.520210485285519,0.42003508088091984,1.0500877022022996,1.8901578639641392,2.310192944845059,19.111596180081854,5.040420970571038,146.575,24.823010217551236
20200114,Kyle Anderson,Mem,Hou,121,110,17.26,0,3,0.0,0,3,0.0,0,0,0.0,1,3,4,0,0,1,0,2,0,-13,0.7999999999999998,12.75,125.0,1.1339747736093142,3.298835705045278,0.41235446313065977,0.6185316946959896,0.9277975420439845,1.9586836998706338,2.0617723156532985,0.8247089262613195,0.10308861578266494,0.3092658473479948,1.1339747736093142,2.8864812419146184,4.9482535575679165,146.575,8.19428313798902
20200114,De'Anthony Melton,Mem,Hou,121,110,26.04,4,9,0.444,1,4,0.25,3,4,0.75,1,5,6,4,0,1,0,1,12,10,20.75,19.220000000000002,125.0,3.868044601577373,7.736089203154746,2.0908349197715532,2.195376665760131,0.5227087299428883,3.868044601577373,2.822627141691597,1.4635844438400873,0.627250475931466,1.568126189828665,1.881751427794398,10.454174598857767,9.408757138971989,146.575,16.630179065419597
20200114,Brandon Clarke,Mem,Hou,121,110,23.56,6,8,0.75,0,1,0.0,2,2,1.0,1,6,7,2,1,0,3,2,14,-3,18.8,19.653333333333332,125.0,3.935658233206343,7.0073914883917805,2.1118166129399887,2.4957832698381686,1.1518999706945394,4.415616554329067,1.919833284490899,0.38396665689817977,0.9599166422454495,0.7679333137963595,0.9599166422454495,10.271108072026308,0.8639249780209044,146.575,15.98607690706845
20200114,Grayson Allen,Mem,Hou,121,110,21.22,2,5,0.4,0,3,0.0,2,3,0.667,0,2,2,4,0,0,0,2,6,12,10.3,13.659999999999998,125.0,2.0055932321890504,4.488708662518351,0.9550443962805003,0.9550443962805003,0.2865133188841501,1.3370621547927004,1.0505488359085504,0.09550443962805003,0.0,0.6685310773963502,0.7640355170244002,6.112284136195202,-3.056142068097601,146.575,7.084103575619164
20200114,Solomon Hill,Mem,Hou,121,110,13.56,1,5,0.2,1,3,0.333,0,0,0.0,1,5,6,4,0,1,0,0,3,25,15.5,15.616666666666667,125.0,1.2756309561210597,3.6306419520368625,0.5887527489789507,0.5887527489789507,0.29437637448947535,2.7475128285684365,2.0606346214263276,0.1962509163263169,0.29437637448947535,0.3925018326526338,1.1775054979579014,3.728767410200021,1.8643837051000105,146.575,8.255708774973016
20200114,Tyus Jones,Mem,Hou,121,110,11.07,1,3,0.333,0,0,0.0,0,0,0.0,0,0,0,1,0,0,0,0,2,-5,1.25,16.17,125.0,3.0035460992907805,5.369976359338063,0.273049645390071,0.3640661938534279,0.273049645390071,1.092198581560284,3.9137115839243504,0.8191489361702128,0.09101654846335698,0.8191489361702128,0.4550827423167849,7.099290780141844,1.7293144208037827,146.575,10.992139808267959
20200114,RJ Barrett,NYK,Mil,102,128,31.53,6,15,0.4,5,7,0.7140000000000001,5,6,0.833,3,5,8,3,1,1,3,0,22,-18,25.8,32.99333333333333,113.0,5.512316326093475,13.25076039926316,3.286188579017264,4.3462494109583165,1.1660669151351581,4.452255494152422,1.4840851647174742,1.060060831941053,0.21201216638821058,2.6501520798526323,2.544145996658527,15.476888146339371,-2.8621642462408428,137.25,17.760738859655845
20200114,Julius Randle,NYK,Mil,102,128,26.49,10,20,0.5,3,6,0.5,2,2,1.0,4,11,15,3,0,0,4,3,25,-25,27.0,32.93333333333333,113.0,8.240870715084933,18.089716203844976,4.120435357542466,5.225918014444104,1.7084731970298033,8.039873868375546,2.914454277286135,1.0049842335469432,0.6029905401281658,2.5124605838673575,2.8139558539314407,22.411148408096828,-1.0049842335469432,137.25,26.56363790636094
20200114,Reggie Bullock,NYK,Mil,102,128,23.27,0,8,0.0,0,4,0.0,3,3,1.0,1,0,1,1,1,0,0,0,3,-25,-0.75,26.323333333333334,113.0,4.72340714761497,10.735016244579477,0.3220504873373843,0.42940064978317904,0.42940064978317904,1.7176025991327162,1.5029022742411267,1.7176025991327162,0.10735016244579476,0.21470032489158952,2.25435341136169,12.023218193929013,-1.5029022742411267,137.25,11.407552027131304
20200114,Elfrid Payton,NYK,Mil,102,128,19.12,1,6,0.16699999999999998,0,0,0.0,0,0,0.0,0,3,3,5,0,0,0,3,2,-17,2.7,29.25,113.0,4.495389344262296,10.389344262295083,0.39959016393442626,1.1987704918032789,1.2986680327868854,3.995901639344263,6.39344262295082,1.4984631147540985,0.49948770491803285,2.197745901639345,1.9979508196721314,9.690061475409838,-4.295594262295083,137.25,18.145044965364633
20200114,Taj Gibson,NYK,Mil,102,128,10.5,0,2,0.0,0,0,0.0,0,0,0.0,0,0,0,1,1,0,0,2,0,-15,-1.25,22.683333333333334,113.0,3.7703151933021415,6.423499958959205,1.3964130345563488,1.8153369449232535,2.7928260691126976,3.4910325863908716,0.6982065172781744,0.41892391036690463,0.5585652138225395,1.6756956414676185,3.351391282935237,8.937043421160633,-8.797402117704998,137.25,11.461135748009484
20200114,Bobby Portis,NYK,Mil,102,128,27.09,8,14,0.5710000000000001,1,4,0.25,3,4,0.75,2,6,8,1,1,0,2,2,20,-12,21.7,24.919999999999998,113.0,5.104726788549188,11.485635274235673,1.659036206278486,2.169508885133405,2.169508885133405,3.956163261125621,3.062836073129513,0.1276181697137297,0.0,1.276181697137297,3.1904542428432427,13.272289650227888,-2.9352179034157833,137.25,14.821746225918927
20200114,Kadeem Allen,NYK,Mil,102,128,24.09,3,9,0.333,0,3,0.0,3,4,0.75,0,3,3,6,1,1,2,3,9,-12,12.95,7.793333333333333,113.0,1.1447493879654684,2.8317484860198427,0.9037495168148434,1.265249323540781,0.1807499033629687,0.783249581239531,1.867749001417343,0.3614998067259374,0.12049993557531245,0.4819997423012498,0.3614998067259374,3.6149980672593736,-0.9037495168148434,137.25,6.301286835557146
20200114,Kevin Knox,NYK,Mil,102,128,23.12,3,7,0.429,2,4,0.5,2,3,0.667,0,4,4,2,0,0,0,2,10,0,11.5,21.626666666666665,113.0,2.30225608845062,7.027939638428208,1.5752278499925294,2.30225608845062,0.4846854923053937,4.240998057672195,0.848199611534439,0.12117137307634843,0.24234274615269685,0.7270282384580905,2.0599133422979232,7.027939638428208,-3.998655311519498,137.25,9.578848437863975
20200114,Mitchell Robinson,NYK,Mil,102,128,18.22,3,5,0.6,0,0,0.0,1,4,0.25,1,2,3,0,2,1,0,5,7,-4,9.9,19.563333333333333,113.0,3.8723224697722944,4.95297060087154,0.5403240655496225,1.170702142024182,2.071242251273553,3.8723224697722944,0.3602160436997483,0.7204320873994966,1.5309181857239305,0.6303780764745596,2.791674338673049,8.284969005094212,0.0,137.25,12.663509221982492
20200114,Wayne Ellington,NYK,Mil,102,128,17.48,1,2,0.5,0,1,0.0,0,0,0.0,0,0,0,2,0,0,0,1,2,1,3.15,16.279999999999998,113.0,1.376453181145635,4.588177270485449,0.34411329528640877,0.34411329528640877,0.22940886352427248,2.064679771718452,1.2617487493834985,0.6882265905728175,0.11470443176213624,0.5735221588106811,1.032339885859226,4.129359543436904,-3.785246248150496,137.25,6.662951966649967
20200114,Allonzo Trier,NYK,Mil,102,128,9.22,1,7,0.14300000000000002,0,4,0.0,0,0,0.0,1,1,2,2,0,0,0,0,2,3,3.2,8.016666666666667,113.0,1.5325304275791758,3.1416873765373103,1.1493978206843818,1.3792773848212583,0.0,0.7662652137895879,0.7662652137895879,0.0,0.07662652137895878,0.4597591282737527,0.30650608551583514,4.674217804116486,-1.762409991716052,137.25,5.579160897527288
20200114,Damyean Dotson,NYK,Mil,102,128,7.47,0,7,0.0,0,4,0.0,0,0,0.0,0,2,2,0,0,0,0,0,0,-6,-2.9000000000000004,15.443333333333333,113.0,2.020343931896176,5.270462431033502,0.35136416206890014,0.7027283241378003,0.17568208103445007,1.6689797698272757,1.6689797698272757,0.43920520258612517,0.0,0.08784104051722504,0.35136416206890014,5.182621390516277,-1.5811387293100507,137.25,7.40488544033802
20200114,Wesley Matthews,Mil,NYK,128,102,26.29,2,9,0.222,1,3,0.333,1,2,0.5,1,4,5,2,1,0,0,0,6,17,12.55,22.563333333333333,118.66666666666667,1.9387479541734856,5.723922531369339,0.738570649208947,1.1078559738134204,0.09232133115111837,2.1233906164757226,1.3848199672667756,0.6462493180578286,0.3692853246044735,0.5539279869067102,1.5694626295690124,5.816243862520458,2.3080332787779594,156.975,9.338865613762355
20200114,Brook Lopez,Mil,NYK,128,102,22.21,2,3,0.667,1,2,0.5,2,2,1.0,0,2,2,3,1,2,0,2,7,16,18.4,24.543333333333333,118.66666666666667,4.057997205880468,9.059714692198254,0.4718601402186591,0.8493482523935864,0.6606041963061227,3.11427692544315,1.3212083926122453,0.8493482523935864,2.4536727291370273,0.9437202804373181,1.8874405608746363,9.625946860460646,5.662321682623909,156.975,17.01991173924035
20200114,Giannis Antetokounmpo,Mil,NYK,128,102,21.26,12,17,0.706,3,5,0.6,10,12,0.833,3,6,9,4,0,1,1,1,37,32,50.55,29.51,118.66666666666667,8.876837800385305,17.653935850204483,5.186467029438605,7.779700544157908,1.4960962584919053,11.569811065670734,5.984385033967621,1.0971372562273973,0.5984385033967621,2.6929732652854295,2.9921925169838106,24.336499138134993,7.580221043025654,156.975,34.08697636327409
20200114,Eric Bledsoe,Mil,NYK,128,102,21.25,3,9,0.333,2,4,0.5,3,4,0.75,1,5,6,3,0,0,2,0,11,19,16.6,28.959999999999997,118.66666666666667,7.053093034583535,13.283325215132326,3.9967527195973367,4.349407371326514,0.5877577528819613,3.9967527195973367,5.172268225361259,1.410618606916707,1.0579639551875302,2.703685663257022,1.7632732586458837,19.983763597986684,6.935541484007143,156.975,25.82875145716129
20200114,Khris Middleton,Mil,NYK,128,102,20.55,6,9,0.667,1,2,0.5,4,4,1.0,0,3,3,3,1,0,2,2,17,16,22.65,29.866666666666664,118.66666666666667,8.029726775956282,16.646994535519124,3.7210928961748633,4.112786885245901,0.881311475409836,5.679562841530054,4.40655737704918,0.881311475409836,0.09792349726775955,1.9584699453551913,2.1543169398907103,22.13071038251366,6.267103825136611,156.975,25.34517010458937
20200114,Dragan Bender,Mil,NYK,128,102,21.14,0,3,0.0,0,1,0.0,0,0,0.0,0,7,7,2,0,1,0,4,0,13,7.699999999999998,9.566666666666668,118.66666666666667,1.3860270444301352,2.69505258639193,0.5775112685125564,0.9240180296200903,0.4235082635758747,2.0020390641768624,0.8470165271517494,0.23100450740502257,0.5775112685125564,0.5005097660442156,1.1935232882592832,3.696072118480361,-1.0395202833226016,156.975,7.705173808905506
20200114,Kyle Korver,Mil,NYK,128,102,21.06,3,6,0.5,2,3,0.667,0,0,0.0,0,2,2,1,0,0,2,2,8,0,6.5,11.743333333333334,118.66666666666667,1.1026604068857593,2.963399843505478,0.48241392801251964,0.48241392801251964,0.20674882629107982,1.5161580594679187,1.5161580594679187,0.20674882629107982,0.1378325508607199,0.5513302034428796,0.7580790297339594,3.721478873239437,2.963399843505478,156.975,7.162203680076672
20200114,Pat Connaughton,Mil,NYK,128,102,19.01,1,3,0.333,0,1,0.0,0,0,0.0,0,3,3,3,0,1,0,1,2,15,10.0,23.523333333333337,118.66666666666667,2.600820011977704,6.61041753044333,0.5418375024953549,0.650205002994426,1.8422475084842065,4.876537522458194,1.5171450069869936,0.43347000199628394,0.650205002994426,1.8422475084842065,1.300410005988852,6.502050029944259,4.226332519463768,156.975,14.201055095265536
20200114,Donte DiVincenzo,Mil,NYK,128,102,16.34,4,8,0.5,1,5,0.2,0,0,0.0,0,3,3,4,0,2,3,1,9,-1,14.35,23.763333333333332,118.66666666666667,3.2788983131095866,7.136425740297336,0.9643818567969373,1.0608200424766312,0.9643818567969373,3.568212870148668,2.507392827672037,1.6394491565547933,0.28931455703908115,1.0608200424766312,1.3501345995157124,8.390122154133355,10.511762239086616,156.975,15.162909344681209
20200114,Ersan İlyasova,Mil,NYK,128,102,16.16,6,10,0.6,2,4,0.5,0,0,0.0,1,6,7,1,1,1,2,4,14,-2,18.7,13.046666666666667,118.66666666666667,2.0767860526814483,4.524426757627441,1.0383930263407242,1.1867348872465417,0.8158802349819975,4.005230244457079,1.0383930263407242,0.14834186090581772,0.3708546522645443,0.5933674436232709,0.7417093045290886,6.0820162971385265,3.0410081485692633,156.975,11.08302682598414
20200114,Sterling Brown,Mil,NYK,128,102,12.0,3,7,0.429,1,3,0.333,0,0,0.0,2,2,4,0,0,0,2,2,7,-6,5.1,10.94,118.66666666666667,1.13637038136222,3.571449769995548,0.8116931295444427,0.892862442498887,0.40584656477222136,2.029232823861107,0.40584656477222136,0.48701587772666566,0.16233862590888856,0.6493545036355542,0.8116931295444427,3.490280457041104,0.7305238165899984,156.975,7.515132974067178
20200114,George Hill,Mil,NYK,128,102,11.17,2,4,0.5,1,2,0.5,1,2,0.5,0,3,3,0,0,0,0,0,6,13,8.7,20.3,118.66666666666667,3.6190476190476195,6.571428571428572,0.6666666666666667,1.0476190476190477,0.8571428571428573,2.5714285714285716,3.4285714285714293,0.5714285714285715,0.1904761904761905,0.9523809523809526,0.9523809523809526,9.333333333333334,2.4761904761904763,156.975,13.417105238058065
20200114,D.J. Wilson,Mil,NYK,128,102,9.56,1,4,0.25,0,1,0.0,2,2,1.0,0,5,5,1,0,0,0,3,4,-2,5.45,3.3033333333333332,118.66666666666667,0.1752121640735502,1.0512729844413011,0.1168081093823668,0.2336162187647336,0.0584040546911834,0.876060820367751,0.292020273455917,0.0,0.1752121640735502,0.2336162187647336,0.1752121640735502,0.4672324375294672,-0.876060820367751,156.975,4.075975831294455
20200114,Luka Dončić,Dal,GSW,124,97,27.01,8,19,0.421,2,9,0.222,2,8,0.25,1,7,8,2,1,0,3,3,20,13,19.95,33.93,109.66666666666667,9.223575002168946,20.998351600682494,7.162989097429075,9.223575002168946,1.9624627664189247,7.751727927354753,9.125451863848001,0.7849851065675699,0.19624627664189248,4.219294947800687,2.6493247346655484,28.259463836432516,4.121171809479741,163.525,36.53577395538893
20200114,Dorian Finney-Smith,Dal,GSW,124,97,26.54,1,6,0.16699999999999998,1,5,0.2,3,4,0.75,0,1,1,3,0,0,0,1,6,15,8.5,30.426666666666666,109.66666666666667,3.8286984606350414,8.327419151881214,0.6700222306111322,1.0528920766746361,2.4886539994127768,2.871523845476281,1.3400444612222644,0.6700222306111322,0.7657396921270082,0.8614571536428843,2.584371460928653,10.433203305230487,4.403003229730297,163.525,14.17380110679783
20200114,Maxi Kleber,Dal,GSW,124,97,24.19,3,5,0.6,3,4,0.75,2,2,1.0,1,6,7,1,0,0,0,0,11,29,20.85,25.376666666666665,109.66666666666667,3.290664789497733,6.769367566966765,1.1282279278277942,1.410284909784743,1.410284909784743,4.2308547293542285,1.2222469218134437,0.4700949699282477,1.2222469218134437,0.8461709458708456,2.350474849641238,9.871994368493201,4.136835735368579,163.525,14.643158530511696
20200114,Dwight Powell,Dal,GSW,124,97,24.08,9,9,1.0,1,1,1.0,2,2,1.0,2,4,6,2,1,0,1,3,21,14,29.85,29.22666666666667,109.66666666666667,4.175238095238096,6.759909297052155,2.7834920634920635,3.8770068027210893,2.3858503401360545,4.473469387755102,1.5905668934240365,1.2923356009070297,0.8946938775510205,1.1929251700680272,3.081723356009071,11.133968253968254,2.087619047619048,163.525,17.67480075768922
20200114,Tim Hardaway,Dal,GSW,124,97,23.48,5,11,0.455,2,8,0.25,0,0,0.0,1,2,3,4,1,0,1,2,12,20,18.75,30.603333333333335,109.66666666666667,6.765068065442739,15.479393031097791,1.6052703884101414,2.293243412014488,0.6879730236043463,3.7838516298239044,1.7199325590108656,0.8026351942050707,0.11466217060072438,1.0319595354065194,1.146621706007244,18.804595978518797,7.109054577244912,163.525,19.302235344882796
20200114,Delon Wright,Dal,GSW,124,97,20.24,3,8,0.375,1,1,1.0,0,0,0.0,3,2,5,3,0,2,0,1,7,9,16.85,26.49,109.66666666666667,3.682917786634535,7.611363425711372,0.8593474835480581,1.3504031884326628,1.1048753359903605,3.682917786634535,3.4373899341922325,1.7186949670961162,0.736583557326907,1.473167114653814,1.2276392622115118,9.330058392807487,-3.4373899341922325,163.525,16.873529722274583
20200114,Boban Marjanović,Dal,GSW,124,97,20.16,6,14,0.429,0,0,0.0,1,2,0.5,4,7,11,0,1,0,2,2,13,5,18.0,7.12,109.66666666666667,2.1415428167020525,3.653220099079972,0.6298655343241331,1.2597310686482661,1.5116772823779194,2.1415428167020525,0.12597310686482663,0.0,0.0,0.6298655343241331,1.637650389242746,5.164897381457892,-1.1337579617834397,163.525,7.7344693695364395
20200114,Justin Jackson,Dal,GSW,124,97,19.16,2,4,0.5,0,1,0.0,2,2,1.0,0,1,1,0,0,0,0,3,6,8,5.45,16.423333333333332,109.66666666666667,2.096484229562257,5.852685140861301,0.7861815860858464,0.7861815860858464,0.3494140382603762,1.834423700866975,0.6988280765207524,0.3494140382603762,0.1747070191301881,0.2620605286952821,0.9608886052160346,5.765331631296208,-0.9608886052160346,163.525,8.862917799780487
20200114,Seth Curry,Dal,GSW,124,97,16.0,4,8,0.5,0,3,0.0,1,1,1.0,2,0,2,2,1,0,0,0,9,9,14.35,25.336666666666662,109.66666666666667,4.268236228668473,10.098022297093706,0.9369299038540553,0.9369299038540553,0.4164132906018023,1.1451365491549566,1.457446517106308,0.728723258553154,0.31230996795135174,0.728723258553154,1.977963130358561,11.451365491549563,-3.227203002163968,163.525,12.014650502483649
20200114,Jalen Brunson,Dal,GSW,124,97,13.29,3,3,1.0,0,0,0.0,0,0,0.0,0,4,4,5,0,0,0,2,6,19,15.85,12.546666666666667,109.66666666666667,1.2519701156483471,4.141131920990687,0.3852215740456453,0.3852215740456453,0.19261078702282264,1.0593593286255245,2.0224132637396375,0.09630539351141132,0.19261078702282264,0.6741377545798792,1.1556647221369358,3.2743833793879853,-0.4815269675570566,163.525,7.513207141192632
20200114,J.J. Barea,Dal,GSW,124,97,8.12,4,6,0.667,3,4,0.75,0,0,0.0,1,1,2,1,0,0,0,0,11,-2,12.45,22.433333333333334,109.66666666666667,5.0161490683229815,11.42567287784679,0.41801242236024844,0.41801242236024844,0.41801242236024844,2.229399585921325,4.8768115942028984,0.41801242236024844,0.13933747412008282,1.8113871635610765,0.8360248447204969,12.26169772256729,6.409523809523809,163.525,17.027833849983004
20200114,Courtney Lee,Dal,GSW,124,97,8.12,0,1,0.0,0,0,0.0,0,0,0.0,0,2,2,0,0,0,0,0,0,-2,0.7,4.260000000000001,109.66666666666667,0.8971403236532921,1.463755264908003,0.0,0.0,0.0,0.2833074706273554,0.2360895588561295,0.047217911771225904,0.09443582354245181,0.1416537353136777,0.3305253823985813,2.2192418532476172,0.3305253823985813,163.525,4.401928942679726
20200114,D'Angelo Russell,GSW,Dal,97,124,34.1,5,17,0.294,0,6,0.0,3,4,0.75,0,3,3,8,0,0,6,1,13,-23,8.3,33.223333333333336,100.0,9.420213539394698,21.324879001267114,3.623159053613345,4.451309694439253,0.31055649030971527,3.105564903097153,5.797054485781352,1.0351883010323844,0.31055649030971527,2.6914895826841994,2.7950084127874377,26.811376996738755,-0.9316694709291459,149.725,25.86316251511502
20200114,Glenn Robinson,GSW,Dal,97,124,31.37,6,10,0.6,1,4,0.25,0,0,0.0,2,5,7,2,1,0,1,0,13,-27,15.95,30.39,100.0,5.137141962748474,11.130474252621692,1.8075129128189071,2.092909688527156,1.1415871028329942,3.6150258256378143,1.617248395680075,0.9513225856941618,0.09513225856941616,1.4269838785412428,2.188041947096572,13.223383941148848,-4.661480669901392,149.725,15.212577602881906
20200114,Alec Burks,GSW,Dal,97,124,29.15,4,13,0.308,2,6,0.333,0,0,0.0,1,5,6,5,0,0,1,2,10,-21,10.35,28.310000000000002,100.0,4.395962732919255,12.676729741441573,5.520511339014878,6.13390148779431,0.9200852231691463,4.08926765852954,3.066950743897155,0.7156218402426694,0.4089267658529539,1.6357070634118156,2.555792286580962,16.05037555972844,-5.316047956088401,149.725,19.30827653910992
20200114,Omari Spellman,GSW,Dal,97,124,27.25,4,9,0.444,0,3,0.0,2,2,1.0,1,3,4,0,0,0,0,0,10,-20,7.75,23.77,100.0,4.4792713567839195,8.809233668341708,2.5382537688442213,3.4341080402010054,1.4930904522613067,3.8820351758793974,1.791708542713568,1.6423994974874374,0.5972361809045227,1.343781407035176,2.3889447236180907,13.736432160804021,-5.823052763819096,149.725,16.30116485038957
20200114,Draymond Green,GSW,Dal,97,124,27.17,2,6,0.333,1,3,0.333,0,0,0.0,0,3,3,4,1,0,2,3,5,-21,5.1,29.146666666666665,100.0,2.794407350339554,8.183621525994408,1.29740341265765,1.5968042001940308,0.9980026251212692,6.586817325800377,5.389214175654854,1.097802887633396,1.197603150145523,2.694607087827427,2.694607087827427,7.984021000970154,-2.694607087827427,149.725,18.977610944818856
20200114,Jordan Poole,GSW,Dal,97,124,28.01,6,12,0.5,3,7,0.429,2,4,0.5,0,2,2,5,0,0,1,0,17,-9,17.4,18.94666666666667,100.0,1.830848518314007,6.407969814099024,1.307748941652862,1.830848518314007,0.0,1.307748941652862,1.7000736241487207,0.7846493649917172,0.1307748941652862,0.5230995766611448,1.4385238358181482,6.146420025768452,-0.653874470826431,149.725,8.645580034318963
20200114,Eric Paschall,GSW,Dal,97,124,25.19,7,11,0.636,2,2,1.0,0,0,0.0,1,2,3,0,0,0,2,4,16,-6,12.1,20.036666666666665,100.0,3.5330247593857904,7.728491661156417,0.7728491661156417,1.4352913085004773,1.3248842847696713,2.097733450885313,2.208140474616119,0.9936632135772535,0.11040702373080595,1.5456983322312834,1.987326427154507,8.170119756079641,-6.624421423848357,149.725,11.643222366802691
20200114,Willie Cauley-Stein,GSW,Dal,97,124,17.38,3,5,0.6,0,0,0.0,2,2,1.0,1,5,6,0,2,1,0,3,8,-3,15.8,17.75,100.0,2.5156118517206254,4.638159351609904,0.550290092563887,1.0219673147615043,1.415031666592852,3.3017405553833212,0.9433544443952347,0.6289029629301564,0.9433544443952347,0.6289029629301564,1.3364187962265826,5.581513796005138,1.4936445369591216,149.725,11.555595454841948
20200114,Jacob Evans,GSW,Dal,97,124,7.2,0,1,0.0,0,0,0.0,0,0,0.0,0,1,1,0,0,0,0,1,0,-4,-0.8500000000000001,15.81,100.0,1.8703069547350728,5.315609239773365,0.7874976651516097,1.0828092895834633,0.49218604071975597,1.5749953303032194,1.1812464977274144,0.39374883257580484,0.2953116244318536,1.4765581221592678,0.9843720814395119,4.921860407197561,-3.1499906606064387,149.725,8.553901213078662
20200114,Collin Sexton,Cle,LAC,103,128,28.29,10,18,0.556,4,6,0.667,1,1,1.0,0,1,1,1,2,0,3,1,25,-17,21.45,35.96333333333334,108.33333333333333,8.318106472379633,18.71573956285417,3.8471242434755797,4.470982228904052,1.1437396399521995,2.49543194171389,1.871573956285417,0.9357869781427085,0.20795266180949082,2.1835029489996534,1.9755502871901625,21.93900582090128,-10.60558575228403,151.325,21.42393145113885
20200114,Darius Garland,Cle,LAC,103,128,27.41,5,16,0.313,2,7,0.28600000000000003,2,2,1.0,0,0,0,10,1,0,3,3,14,-24,13.15,35.96,108.33333333333333,5.974130770143587,12.908389699774537,1.7068945057553107,2.0269372255844313,0.42672362643882766,1.8135754123650176,4.9073217040465185,1.280170879316483,0.0,2.880384478462087,1.9202563189747246,15.788774178236624,-2.133618132194138,151.325,18.02985881865819
20200114,Cedi Osman,Cle,LAC,103,128,24.08,7,13,0.5379999999999999,5,8,0.625,2,2,1.0,0,3,3,1,0,0,2,3,21,-19,15.4,36.64333333333334,108.33333333333333,5.780617342377872,12.023684072145974,1.1561234684755746,1.8497975495609191,0.6936740810853447,4.3932691802071835,2.4278592837987065,0.34683704054267234,0.34683704054267234,1.8497975495609191,3.2371457117316087,15.145217437030025,-11.676847031603302,151.325,15.186930779476194
20200114,Tristan Thompson,Cle,LAC,103,128,23.32,0,5,0.0,0,0,0.0,0,0,0.0,4,4,8,0,0,0,0,0,0,-23,1.0500000000000007,38.910000000000004,108.33333333333333,5.643303241083321,10.825928666568004,3.4550836169897883,4.491608702086725,4.952286517685364,8.86804795027379,2.073050170193873,0.6910167233979577,1.0365250850969365,2.99440580139115,3.10957525529081,14.74169009915643,-8.407370134675151,151.325,24.547279536816482
20200114,Alfonzo McKinnie,Cle,LAC,103,128,20.38,3,5,0.6,1,2,0.5,0,0,0.0,1,4,5,1,0,0,1,4,7,-3,7.800000000000002,20.076666666666668,108.33333333333333,2.0292638317329676,5.508001828989483,0.2898948331047097,0.43484224965706453,1.3045267489711938,1.7393689986282581,0.7247370827617743,1.1595793324188388,0.14494741655235485,0.8696844993141291,2.6090534979423876,4.348422496570645,-1.4494741655235486,151.325,8.038301599898286
20200114,Brandon Knight,Cle,LAC,103,128,26.15,0,6,0.0,0,6,0.0,0,0,0.0,0,1,1,1,0,0,1,3,0,-21,-6.65,17.94333333333333,108.33333333333333,2.121846596178816,6.240725282878872,0.3744435169727323,1.372959562233352,0.2496290113151549,1.2481450565757746,2.3714756074939713,0.3744435169727323,0.2496290113151549,1.2481450565757746,1.1233305509181968,5.86628176590614,-0.9985160452606195,151.325,9.016508222696821
20200114,Dante Exum,Cle,LAC,103,128,20.15,1,5,0.2,0,2,0.0,0,0,0.0,0,3,3,2,0,0,1,2,2,-6,1.6,20.07,108.33333333333333,3.554980870058099,6.541164800906901,1.7063908176278875,2.417386991639507,0.0,2.701785461244155,1.8485900524302112,0.7109961740116197,0.0,1.7063908176278875,1.2797931132209155,9.811747201360353,-3.412781635255775,151.325,11.793818492925356
20200114,Larry Nance,Cle,LAC,103,128,18.42,0,1,0.0,0,1,0.0,0,0,0.0,1,2,3,4,1,0,0,1,0,-20,4.5,23.013333333333332,108.33333333333333,2.009800591916937,4.466223537593194,0.11165558843982985,0.4466223537593194,1.1165558843982986,5.917746187310982,1.7864894150372777,0.6699335306389791,0.5582779421991493,0.8932447075186388,1.4515226497177882,4.577879126033023,1.6748338265974476,151.325,12.393752831526802
20200114,John Henson,Cle,LAC,103,128,18.35,4,8,0.5,0,1,0.0,2,2,1.0,1,6,7,2,1,3,0,2,10,-7,21.45,15.259999999999998,108.33333333333333,2.1365899191039204,4.035780958307404,0.5934971997510889,0.9495955196017423,1.1869943995021779,3.5609831985065337,1.4243932794026133,0.3560983198506533,1.661792159303049,0.7121966397013066,1.3056938394523956,4.866677037958929,-2.9674859987554445,151.325,12.376812321227108
20200114,Matthew Dellavedova,Cle,LAC,103,128,12.0,4,7,0.5710000000000001,2,3,0.667,4,6,0.667,0,0,0,2,0,0,1,0,14,10,14.25,13.396666666666667,108.33333333333333,1.2954069298952458,3.1305667472468444,0.43180230996508195,0.43180230996508195,0.32385173247381144,1.0795057749127048,3.5623690572119258,0.5397528874563524,0.0,0.9715551974214343,1.6192586623690572,3.346467902229385,1.4033575073865163,151.325,7.872898833369396
20200114,Kawhi Leonard,LAC,Cle,128,103,28.44,14,22,0.636,6,10,0.6,9,10,0.9,0,3,3,4,2,1,1,0,43,39,55.85,35.99333333333333,116.0,10.12895049346865,21.874222874192938,5.495494416669162,6.034268379087707,1.1853027173207995,6.142023171571416,5.3877396241854525,2.26285064215789,0.2155095849674181,3.1248889820275627,1.939586264706763,27.692981668313227,4.417946491832071,164.675,33.67940833718033
20200114,Maurice Harkless,LAC,Cle,128,103,26.55,3,4,0.75,0,0,0.0,0,0,0.0,3,8,11,0,0,1,1,0,6,35,21.0,20.91,116.0,2.682170174355076,3.973585443489002,0.3973585443489001,0.7947170886978002,0.9933963608722505,3.178868354791201,0.7947170886978002,0.8940567247850254,0.5960378165233503,0.7947170886978002,1.4900945413083757,6.159057437407953,-0.8940567247850254,164.675,11.174262201035807
20200114,Landry Shamet,LAC,Cle,128,103,25.44,4,11,0.364,4,11,0.364,0,0,0.0,0,7,7,3,0,0,0,2,12,37,21.3,21.07,116.0,2.0723113106692326,5.315929014325423,0.9911054094505024,0.9911054094505024,0.180200983536455,1.6218088518280949,1.1713063929869576,0.540602950609365,0.180200983536455,0.4505024588411375,2.9733162283515076,6.4872354073123795,-0.8109044259140474,164.675,7.918929062877339
20200114,Ivica Zubac,LAC,Cle,128,103,24.39,6,8,0.75,0,0,0.0,0,0,0.0,5,5,10,2,0,4,1,0,12,23,32.45,14.89333333333333,116.0,2.9650434938570527,4.407497085463187,0.9616357277374226,1.5225899022509188,2.4842256299883414,4.006815532239261,0.801363106447852,0.1602726212895704,0.5609541745134965,0.7212267958030668,2.0034077661196306,6.891722715451528,0.0801363106447852,164.675,12.465155898171796
20200114,Patrick Beverley,LAC,Cle,128,103,22.51,3,7,0.429,2,5,0.4,2,4,0.5,4,3,7,9,1,0,0,3,10,24,26.35,30.843333333333334,116.0,4.045099012240654,8.63683302613545,0.5466350016541425,0.874616002646628,0.9839430029774565,5.79433101753391,5.138369015548939,1.2025970036391134,1.093270003308285,1.2025970036391134,2.295867006947398,10.495392031759534,7.871544023819652,164.675,19.974937828328677
20200114,JaMychal Green,LAC,Cle,128,103,21.05,0,2,0.0,0,1,0.0,0,0,0.0,0,6,6,1,0,1,1,1,0,-10,3.75,24.28,116.0,2.427744447952847,6.388801178823282,0.3833280707293969,0.5111040943058625,2.2999684243763814,4.344384801599832,1.6610883064940534,0.2555520471529312,0.6388801178823281,1.1499842121881907,3.8332807072939694,6.5165772023997475,4.216608778023366,164.675,12.124055114384847
20200114,Montrezl Harrell,LAC,Cle,128,103,19.35,5,11,0.455,0,0,0.0,2,5,0.4,0,3,3,2,2,0,1,2,12,3,14.45,31.706666666666667,116.0,9.070425155828449,15.707321611312683,4.424597636989488,6.747511396408969,2.9866034049679038,4.867057400688436,1.5486091729463205,0.44245976369894874,0.8849195273978975,2.875988464043167,2.3229137594194813,22.565447948646387,2.433528700344218,164.675,26.72380218088248
20200114,Lou Williams,LAC,Cle,128,103,19.31,10,13,0.769,2,4,0.5,2,2,1.0,0,1,1,4,0,0,3,0,24,7,26.05,33.35,116.0,7.171798197706172,15.709653194975424,5.464227198252322,5.919579464773348,0.5691903331512835,2.276761332605134,7.171798197706172,1.138380666302567,0.22767613326051342,3.415141998907701,1.5937329328235939,22.198422992900056,0.34151419989077014,164.675,26.53479379737655
20200114,Jerome Robinson,LAC,Cle,128,103,15.48,3,6,0.5,1,2,0.5,0,0,0.0,1,2,3,4,2,0,1,0,7,-11,13.6,4.58,116.0,0.39956379498364236,0.9489640130861506,0.24972737186477648,0.3496183206106871,0.049945474372955295,0.5494002181025083,0.4495092693565977,0.049945474372955295,0.0,0.3496183206106871,0.6492911668484188,1.2486368593238824,0.6492911668484188,164.675,4.194406861160033
20200114,Rodney McGruder,LAC,Cle,128,103,14.27,1,3,0.333,0,2,0.0,0,0,0.0,0,1,1,0,0,1,1,2,2,-4,1.4,13.37,116.0,1.1293024565355108,2.635039065249525,0.18821707608925178,0.37643415217850357,0.37643415217850357,2.0703878369817694,0.37643415217850357,0.4705426902231294,0.18821707608925178,0.18821707608925178,1.1293024565355108,2.9173646793834025,3.387907369606532,164.675,6.9737621208538325
20200114,Terance Mann,LAC,Cle,128,103,12.0,0,4,0.0,0,1,0.0,0,0,0.0,1,0,1,0,0,0,1,1,0,-10,-3.75,5.483333333333332,116.0,0.5133606397503412,0.9625511995318896,0.1283401599375853,0.19251023990637792,0.1283401599375853,0.44919055978154854,0.7058708796567191,0.1283401599375853,0.19251023990637792,0.32085039984396324,0.7058708796567191,1.2192315194070602,-1.0267212795006824,164.675,4.640013959403424
20200114,Derrick Walton,LAC,Cle,128,103,4.55,0,1,0.0,0,0,0.0,0,0,0.0,0,0,0,0,0,0,0,0,0,-7,-1.55,11.713333333333336,116.0,0.954490456083167,1.908980912166334,0.26031557893177276,0.34708743857569707,0.0,0.8677185964392425,1.3015778946588639,0.17354371928784854,0.0,0.26031557893177276,0.954490456083167,2.689927648961652,-0.8677185964392425,164.675,5.52305299930909
20200114,Patrick Patterson,LAC,Cle,128,103,3.46,0,2,0.0,0,2,0.0,0,0,0.0,0,0,0,0,0,0,0,1,0,-1,-1.65,9.450000000000001,116.0,1.3793251481068087,3.4888812569760455,0.0,0.0,0.567957413926333,1.0547780544346186,0.48682064050828544,0.16227354683609516,0.08113677341804758,0.24341032025414272,0.8113677341804758,3.5700180303940936,-1.866145788615094,164.675,6.126719695494883
